{
  "Ansi 3 Color" : {
    "Red Component" : 1,
    "Color Space" : "sRGB",
    "Blue Component" : 0.36470588235294116,
    "Alpha Component" : 1,
    "Green Component" : 0.87450980392156863
  },
  "Tags" : [

  ],
  "Ansi 12 Color" : {
    "Red Component" : 0.12941176470588237,
    "Color Space" : "sRGB",
    "Blue Component" : 1,
    "Alpha Component" : 1,
    "Green Component" : 0.53333333333333333
  },
  "Ansi 7 Color" : {
    "Red Component" : 0.89803921568627454,
    "Color Space" : "sRGB",
    "Blue Component" : 0.89803921568627454,
    "Green Component" : 0.89803921568627454
  },
  "Ansi 8 Color" : {
    "Red Component" : 0.40000000000000002,
    "Color Space" : "sRGB",
    "Blue Component" : 0.40000000000000002,
    "Green Component" : 0.40000000000000002
  },
  "Bold Color" : {
    "Red Component" : 1,
    "Color Space" : "sRGB",
    "Blue Component" : 1,
    "Alpha Component" : 1,
    "Green Component" : 1
  },
  "Ansi 9 Color" : {
    "Red Component" : 0.91764705882352937,
    "Color Space" : "sRGB",
    "Blue Component" : 0.35294117647058826,
    "Alpha Component" : 1,
    "Green Component" : 0.29019607843137257
  },
  "Ansi 4 Color" : {
    "Red Component" : 0.12941176470588237,
    "Color Space" : "sRGB",
    "Blue Component" : 1,
    "Alpha Component" : 1,
    "Green Component" : 0.53333333333333333
  },
  "Ansi 5 Color" : {
    "Red Component" : 0.54117647058823526,
    "Color Space" : "sRGB",
    "Blue Component" : 0.82352941176470584,
    "Alpha Component" : 1,
    "Green Component" : 0.38823529411764707
  },
  "Rows" : 27,
  "Default Bookmark" : "No",
  "Cursor Guide Color" : {
    "Red Component" : 0.70213186740875244,
    "Color Space" : "sRGB",
    "Blue Component" : 1,
    "Alpha Component" : 0.25,
    "Green Component" : 0.9268307089805603
  },
  "Non-ASCII Anti Aliased" : true,
  "Use Bright Bold" : true,
  "Show Mark Indicators" : false,
  "Ansi 10 Color" : {
    "Red Component" : 0.20392156862745098,
    "Color Space" : "sRGB",
    "Blue Component" : 0.34509803921568627,
    "Alpha Component" : 1,
    "Green Component" : 0.81568627450980391
  },
  "Ambiguous Double Width" : false,
  "Jobs to Ignore" : [
    "rlogin",
    "ssh",
    "slogin",
    "telnet"
  ],
  "Show Status Bar" : true,
  "Ansi 15 Color" : {
    "Red Component" : 0.89803921568627454,
    "Color Space" : "sRGB",
    "Blue Component" : 0.89803921568627454,
    "Green Component" : 0.89803921568627454
  },
  "Foreground Color" : {
    "Red Component" : 1,
    "Color Space" : "sRGB",
    "Blue Component" : 1,
    "Alpha Component" : 1,
    "Green Component" : 1
  },
  "Bound Hosts" : [

  ],
  "Working Directory" : "\/Users\/matthias",
  "Blinking Cursor" : false,
  "Disable Window Resizing" : true,
  "Sync Title" : false,
  "Prompt Before Closing 2" : false,
  "BM Growl" : true,
  "Command" : "",
  "Description" : "Default",
  "Dynamic Profile Filename" : "\/Users\/matthias\/Library\/Application Support\/iTerm2\/DynamicProfiles\/vscode-synced.json",
  "Mouse Reporting" : true,
  "Screen" : -1,
  "Selection Color" : {
    "Red Component" : 0.20000000000000001,
    "Color Space" : "sRGB",
    "Blue Component" : 1,
    "Alpha Component" : 0.27000000000000002,
    "Green Component" : 0.5725490196078431
  },
  "Initial Use Transparency" : false,
  "Columns" : 120,
  "Idle Code" : 0,
  "Ansi 13 Color" : {
    "Red Component" : 0.54117647058823526,
    "Color Space" : "sRGB",
    "Blue Component" : 0.82352941176470584,
    "Alpha Component" : 1,
    "Green Component" : 0.38823529411764707
  },
  "Custom Command" : "No",
  "Use Custom Window Title" : false,
  "ASCII Anti Aliased" : true,
  "Non Ascii Font" : "Monaco 12",
  "Vertical Spacing" : 1,
  "Use Bold Font" : true,
  "Option Key Sends" : 0,
  "Selected Text Color" : {
    "Red Component" : 0.88235294117647056,
    "Color Space" : "sRGB",
    "Blue Component" : 0.90980392156862744,
    "Green Component" : 0.89411764705882357
  },
  "Background Color" : {
    "Red Component" : 0.0078431372549019607,
    "Color Space" : "sRGB",
    "Blue Component" : 0.0078431372549019607,
    "Alpha Component" : 1,
    "Green Component" : 0.0078431372549019607
  },
  "Character Encoding" : 4,
  "Ansi 11 Color" : {
    "Red Component" : 1,
    "Color Space" : "sRGB",
    "Blue Component" : 0.36470588235294116,
    "Alpha Component" : 1,
    "Green Component" : 0.87450980392156863
  },
  "Thin Strokes" : 4,
  "Use Italic Font" : true,
  "Unlimited Scrollback" : false,
  "Keyboard Map" : {
    "0xf700-0x260000" : {
      "Text" : "[1;6A",
      "Action" : 10
    },
    "0x37-0x40000" : {
      "Text" : "0x1f",
      "Action" : 11
    },
    "0x32-0x40000" : {
      "Text" : "0x00",
      "Action" : 11
    },
    "0xf709-0x20000" : {
      "Text" : "[17;2~",
      "Action" : 10
    },
    "0xf70c-0x20000" : {
      "Text" : "[20;2~",
      "Action" : 10
    },
    "0xf729-0x20000" : {
      "Text" : "[1;2H",
      "Action" : 10
    },
    "0xf72b-0x40000" : {
      "Text" : "[1;5F",
      "Action" : 10
    },
    "0xf705-0x20000" : {
      "Text" : "[1;2Q",
      "Action" : 10
    },
    "0xf703-0x260000" : {
      "Text" : "[1;6C",
      "Action" : 10
    },
    "0xf700-0x220000" : {
      "Text" : "[1;2A",
      "Action" : 10
    },
    "0xf701-0x280000" : {
      "Text" : "0x1b 0x1b 0x5b 0x42",
      "Action" : 11
    },
    "0x38-0x40000" : {
      "Text" : "0x7f",
      "Action" : 11
    },
    "0x33-0x40000" : {
      "Text" : "0x1b",
      "Action" : 11
    },
    "0xf703-0x220000" : {
      "Text" : "[1;2C",
      "Action" : 10
    },
    "0xf701-0x240000" : {
      "Text" : "[1;5B",
      "Action" : 10
    },
    "0xf70d-0x20000" : {
      "Text" : "[21;2~",
      "Action" : 10
    },
    "0xf702-0x260000" : {
      "Text" : "[1;6D",
      "Action" : 10
    },
    "0xf729-0x40000" : {
      "Text" : "[1;5H",
      "Action" : 10
    },
    "0xf706-0x20000" : {
      "Text" : "[1;2R",
      "Action" : 10
    },
    "0x34-0x40000" : {
      "Text" : "0x1c",
      "Action" : 11
    },
    "0xf700-0x280000" : {
      "Text" : "0x1b 0x1b 0x5b 0x41",
      "Action" : 11
    },
    "0x2d-0x40000" : {
      "Text" : "0x1f",
      "Action" : 11
    },
    "0xf70e-0x20000" : {
      "Text" : "[23;2~",
      "Action" : 10
    },
    "0xf702-0x220000" : {
      "Text" : "[1;2D",
      "Action" : 10
    },
    "0xf703-0x280000" : {
      "Text" : "0x1b 0x1b 0x5b 0x43",
      "Action" : 11
    },
    "0xf700-0x240000" : {
      "Text" : "[1;5A",
      "Action" : 10
    },
    "0xf707-0x20000" : {
      "Text" : "[1;2S",
      "Action" : 10
    },
    "0xf70a-0x20000" : {
      "Text" : "[18;2~",
      "Action" : 10
    },
    "0x35-0x40000" : {
      "Text" : "0x1d",
      "Action" : 11
    },
    "0xf70f-0x20000" : {
      "Text" : "[24;2~",
      "Action" : 10
    },
    "0xf703-0x240000" : {
      "Text" : "[1;5C",
      "Action" : 10
    },
    "0xf701-0x260000" : {
      "Text" : "[1;6B",
      "Action" : 10
    },
    "0xf702-0x280000" : {
      "Text" : "0x1b 0x1b 0x5b 0x44",
      "Action" : 11
    },
    "0xf72b-0x20000" : {
      "Text" : "[1;2F",
      "Action" : 10
    },
    "0x36-0x40000" : {
      "Text" : "0x1e",
      "Action" : 11
    },
    "0xf708-0x20000" : {
      "Text" : "[15;2~",
      "Action" : 10
    },
    "0xf701-0x220000" : {
      "Text" : "[1;2B",
      "Action" : 10
    },
    "0xf70b-0x20000" : {
      "Text" : "[19;2~",
      "Action" : 10
    },
    "0xf702-0x240000" : {
      "Text" : "[1;5D",
      "Action" : 10
    },
    "0xf704-0x20000" : {
      "Text" : "[1;2P",
      "Action" : 10
    }
  },
  "Window Type" : 0,
  "Background Image Location" : "",
  "Blur" : false,
  "Badge Color" : {
    "Red Component" : 1,
    "Color Space" : "sRGB",
    "Blue Component" : 0,
    "Alpha Component" : 0.5,
    "Green Component" : 0.1491314172744751
  },
  "Scrollback Lines" : 1000,
  "Send Code When Idle" : false,
  "Close Sessions On End" : true,
  "Terminal Type" : "xterm-256color",
  "Visual Bell" : true,